Image Index,TTC_Lidar,TTC_Camera
2,12.4156,80.7525
7,11.9829,13.0519
9,13.0241,6.13401
10,11.1746,-22.7856
11,12.8086,11.8135
12,8.95978,11.1055
13,9.96439,-inf
14,9.59863,9.43624
15,8.52157,-inf
16,9.51552,6.75073
17,9.61242,9.19913
18,8.3988,-inf
