Image Index,TTC_Lidar,TTC_Camera
2,12.4156,47.3929
7,11.9829,-inf
9,13.0241,-inf
10,11.1746,25.2967
11,12.8086,16.902
12,8.95978,13.0609
13,9.96439,12.6591
14,9.59863,8.58284
15,8.52157,8.82298
16,9.51552,8.96884
17,9.61242,13.8473
18,8.3988,12.5404
