Image Index,TTC_Lidar,TTC_Camera
2,12.4156,15.1088
7,11.9829,15.723
9,13.0241,13.8462
10,11.1746,11.8985
11,12.8086,11.9631
12,8.95978,11.7635
13,9.96439,10.1077
14,9.59863,10.4524
15,8.52157,10.2993
16,9.51552,9.55776
17,9.61242,8.88365
18,8.3988,8.93569
