Image Index,TTC_Lidar,TTC_Camera
2,12.4156,17.981
7,11.9829,17.1637
9,13.0241,15.9737
10,11.1746,11.4563
11,12.8086,13.5816
12,8.95978,15.9602
13,9.96439,12.0123
14,9.59863,11.2487
15,8.52157,10.7658
16,9.51552,10.9598
17,9.61242,9.98697
18,8.3988,10.441
