Image Index,TTC_Lidar,TTC_Camera
7,11.9829,12.273
9,13.0241,12.0205
10,11.1746,13.3875
12,8.95978,11.6857
13,9.96439,10.6035
14,9.59863,10.0735
15,8.52157,9.5377
16,9.51552,10.7194
17,9.61242,8.02938
18,8.3988,11.4362
