Image Index,TTC_Lidar,TTC_Camera
2,12.4156,39.0637
9,13.0241,21.2345
10,11.1746,-inf
11,12.8086,7.86174
12,8.95978,54.3098
13,9.96439,7.03048
14,9.59863,23.9099
15,8.52157,8.5266
16,9.51552,7.74156
17,9.61242,9.79334
18,8.3988,11.7845
