Image Index,TTC_Lidar,TTC_Camera
2,12.4156,80.7525
7,11.9829,13.1905
9,13.0241,9.27209
10,11.1746,-inf
11,12.8086,528.183
12,8.95978,10.1812
13,9.96439,-inf
14,9.59863,5.6061
15,8.52157,-inf
16,9.51552,6.73385
17,9.61242,8.85648
18,8.3988,-inf
