Image Index,TTC_Lidar,TTC_Camera
2,12.4156,11.3699
7,11.9829,-inf
10,11.1746,35.3386
11,12.8086,8.05822
12,8.95978,-inf
13,9.96439,9.59835
14,9.59863,10.9821
15,8.52157,13.2608
16,9.51552,9.94775
18,8.3988,19.1259
