Image Index,TTC_Lidar,TTC_Camera
7,11.9829,14.2446
10,11.1746,10.872
11,12.8086,11.6057
13,9.96439,8.90097
14,9.59863,9.01202
15,8.52157,8.69539
16,9.51552,8.40154
17,9.61242,8.93741
18,8.3988,9.0719
