Image Index,TTC_Lidar,TTC_Camera
7,11.9829,17.8281
9,13.0241,13.9633
10,11.1746,14.7107
11,12.8086,12.3271
14,9.59863,11.4867
15,8.52157,12.137
16,9.51552,10.5758
17,9.61242,8.68233
18,8.3988,10.2256
