Image Index,TTC_Lidar,TTC_Camera
2,12.4156,18.6344
7,11.9829,98.3814
9,13.0241,43.3908
10,11.1746,27.1627
11,12.8086,8.05822
12,8.95978,-inf
13,9.96439,7.69222
14,9.59863,15.4795
15,8.52157,9.42342
16,9.51552,11.6227
17,9.61242,10.2522
18,8.3988,27.4756
