Image Index,TTC_Lidar,TTC_Camera
2,12.4156,11.8503
7,11.9829,12.4175
9,13.0241,11.0326
10,11.1746,14.1579
11,12.8086,11.3528
12,8.95978,10.3618
13,9.96439,10.9806
14,9.59863,9.41836
15,8.52157,11.3206
16,9.51552,9.33122
17,9.61242,10.2037
18,8.3988,7.91807
