Image Index,TTC_Lidar,TTC_Camera
2,12.4156,23.6541
7,11.9829,16.2613
9,13.0241,15.8233
10,11.1746,13.1109
12,8.95978,11.879
13,9.96439,11.1621
14,9.59863,11.2425
15,8.52157,12.0663
16,9.51552,9.76812
17,9.61242,8.76965
18,8.3988,10.4797
