Image Index,TTC_Lidar,TTC_Camera
2,12.4156,11.2252
7,11.9829,10.8098
9,13.0241,10.1981
10,11.1746,13.3149
11,12.8086,10.6465
13,9.96439,11.3745
14,9.59863,9.91264
15,8.52157,8.97883
17,9.61242,9.94771
18,8.3988,7.46405
