Image Index,TTC_Lidar,TTC_Camera
7,11.9829,11.9434
9,13.0241,10.7009
10,11.1746,13.2068
12,8.95978,10.4413
13,9.96439,11.3897
14,9.59863,9.28479
15,8.52157,8.49971
16,9.51552,9.92876
17,9.61242,9.74839
18,8.3988,7.47663
