Image Index,TTC_Lidar,TTC_Camera
2,12.4156,14.0362
9,13.0241,14.079
10,11.1746,12.1637
12,8.95978,11.1859
13,9.96439,10.6762
15,8.52157,9.78819
16,9.51552,10.1898
17,9.61242,9.02976
18,8.3988,8.76048
