Image Index,TTC_Lidar,TTC_Camera
2,12.4156,12.8061
9,13.0241,11.9735
10,11.1746,13.8572
13,9.96439,11.0326
14,9.59863,10.2935
16,9.51552,10.807
17,9.61242,8.35879
18,8.3988,10.5118
