Image Index,TTC_Lidar,TTC_Camera
2,12.4156,20.5794
7,11.9829,17.1265
9,13.0241,14.9993
12,8.95978,11.7466
13,9.96439,11.0712
14,9.59863,12.0264
15,8.52157,11.4452
16,9.51552,10.9028
