Image Index,TTC_Lidar,TTC_Camera
9,13.0241,13.4333
13,9.96439,9.36518
14,9.59863,9.29824
16,9.51552,8.49368
18,8.3988,9.01423
