Image Index,TTC_Lidar,TTC_Camera
3,14.3472,-inf
7,11.9829,12.2
10,11.1746,-inf
11,12.8086,11.8135
12,8.95978,10.0192
13,9.96439,-inf
14,9.59863,9.05414
15,8.52157,-inf
16,9.51552,6.65726
17,9.61242,9.35241
18,8.3988,-inf
