Image Index,TTC_Lidar,TTC_Camera
2,12.4156,14.9293
7,11.9829,15.9106
9,13.0241,13.7946
10,11.1746,11.8304
11,12.8086,12.2131
12,8.95978,11.8605
13,9.96439,9.96886
14,9.59863,9.95263
15,8.52157,9.55695
16,9.51552,9.6573
17,9.61242,9.1286
18,8.3988,9.07435
