Image Index,TTC_Lidar,TTC_Camera
7,11.9829,13.4983
9,13.0241,13.3512
11,12.8086,11.0389
13,9.96439,8.69744
14,9.59863,9.24209
15,8.52157,8.84721
16,9.51552,8.47793
18,8.3988,8.14822
