Image Index,TTC_Lidar,TTC_Camera
2,12.4156,14.4067
7,11.9829,15.5453
9,13.0241,14.4255
10,11.1746,12.1245
11,12.8086,12.1498
12,8.95978,11.5662
13,9.96439,10.8091
14,9.59863,10.4358
15,8.52157,9.97119
16,9.51552,9.97651
17,9.61242,8.76966
18,8.3988,8.90201
