Image Index,TTC_Lidar,TTC_Camera
2,12.4156,11.4231
7,11.9829,12.3032
9,13.0241,13.6426
10,11.1746,12.1351
11,12.8086,14.1196
12,8.95978,10.2088
13,9.96439,11.4859
14,9.59863,10.5903
15,8.52157,10.6507
16,9.51552,10.19
17,9.61242,7.5317
18,8.3988,9.68655
