Image Index,TTC_Lidar,TTC_Camera
2,12.4156,11.7417
9,13.0241,13.5296
10,11.1746,13.6569
13,9.96439,12.129
14,9.59863,9.98598
15,8.52157,9.83918
16,9.51552,9.90402
17,9.61242,8.96341
18,8.3988,10.4154
