Image Index,TTC_Lidar,TTC_Camera
2,12.4156,15.0632
7,11.9829,16.006
9,13.0241,14.0855
10,11.1746,12.1244
12,8.95978,10.5585
13,9.96439,10.1284
14,9.59863,10.1401
16,9.51552,10.3129
17,9.61242,9.26808
18,8.3988,8.84801
