Image Index,TTC_Lidar,TTC_Camera
2,12.4156,12.439
7,11.9829,14.0778
9,13.0241,10.8487
11,12.8086,11.1144
12,8.95978,10.5924
13,9.96439,11.0882
14,9.59863,10.1168
15,8.52157,10.1828
16,9.51552,9.46101
17,9.61242,10.6613
18,8.3988,7.21332
