Image Index,TTC_Lidar,TTC_Camera
2,12.4156,9.5784
7,11.9829,12.2
9,13.0241,9.27209
12,8.95978,10.0192
13,9.96439,-inf
14,9.59863,7.91807
15,8.52157,-inf
16,9.51552,6.7641
17,9.61242,6.10234
18,8.3988,6.16788
