Image Index,TTC_Lidar,TTC_Camera
2,12.4156,22.5877
7,11.9829,-inf
9,13.0241,-inf
10,11.1746,26.7729
11,12.8086,8.35434
12,8.95978,-inf
13,9.96439,7.89201
14,9.59863,13.4253
15,8.52157,11.5261
16,9.51552,8.5628
17,9.61242,11.5246
18,8.3988,13.2816
