Image Index,TTC_Lidar,TTC_Camera
2,12.4156,12.3539
7,11.9829,11.8529
10,11.1746,13.5257
11,12.8086,10.1518
12,8.95978,9.82971
13,9.96439,10.9531
14,9.59863,9.97271
15,8.52157,8.0455
16,9.51552,9.61904
17,9.61242,10.2192
18,8.3988,7.48557
