Image Index,TTC_Lidar,TTC_Camera
2,12.4156,12.9883
7,11.9829,14.356
9,13.0241,13.2
10,11.1746,10.7608
11,12.8086,12.1457
12,8.95978,10.3023
13,9.96439,9.13491
14,9.59863,8.83299
15,8.52157,9.05789
16,9.51552,8.48267
17,9.61242,8.53475
18,8.3988,8.67437
