Image Index,TTC_Lidar,TTC_Camera
2,12.4156,17.3501
7,11.9829,15.5993
9,13.0241,17.1344
10,11.1746,14.0632
11,12.8086,14.4887
12,8.95978,12.0668
13,9.96439,12.8411
14,9.59863,10.9758
15,8.52157,13.2062
16,9.51552,10.3605
17,9.61242,9.6199
18,8.3988,10.659
