Image Index,TTC_Lidar,TTC_Camera
2,12.4156,12.8195
7,11.9829,13.139
9,13.0241,13.369
10,11.1746,13.4448
11,12.8086,14.1495
12,8.95978,11.5135
13,9.96439,12.1485
14,9.59863,10.3671
15,8.52157,10.499
16,9.51552,9.59028
17,9.61242,7.5957
18,8.3988,10.1138
